attendance,internal,assignment,gpa,failures,performance
67.0,67.0,67.1,6.42,0,Average
45.6,33.2,43.6,2.79,2,Low
53.1,61.2,54.1,5.24,1,Low
73.8,58.2,77.6,6.59,0,Average
56.2,46.3,36.0,2.82,3,Low
91.7,82.4,82.1,8.14,0,High
73.2,76.6,74.0,7.4,0,High
64.3,46.2,52.8,3.82,3,Low
67.1,68.6,76.5,6.92,0,Average
66.0,53.4,68.4,4.45,2,Low
53.3,35.5,44.6,3.38,2,Low
51.0,50.3,52.1,4.37,1,Low
92.3,85.3,87.5,8.75,0,High
75.3,66.0,64.8,6.72,0,Average
74.9,48.8,62.5,4.92,2,Low
56.2,49.9,46.1,4.73,1,Low
59.2,44.3,61.4,3.4,3,Low
70.9,50.2,62.6,5.13,1,Low
73.0,64.7,69.2,6.96,0,Average
100.0,90.6,95.2,9.1,0,High
95.7,86.8,81.2,9.06,0,High
68.4,76.1,66.4,7.32,0,Average
67.1,55.0,57.4,5.8,0,Average
93.9,86.8,100.0,9.33,0,High
70.1,64.2,73.2,6.85,0,Average
88.0,77.1,87.0,8.25,0,High
99.3,85.6,78.2,8.69,0,High
74.7,62.1,66.2,6.53,0,Average
97.4,87.2,94.9,9.01,0,High
67.1,68.7,56.5,6.37,0,Average
65.2,53.7,62.7,5.38,1,Low
83.3,62.5,76.9,6.13,2,Low
77.5,57.8,59.1,6.5,0,Average
83.5,59.2,66.7,6.89,0,Average
65.7,27.2,42.5,3.48,1,Low
87.5,82.6,66.6,8.03,0,High
70.1,64.6,71.5,7.01,0,Average
74.8,71.0,67.5,7.0,0,Average
79.9,83.6,82.4,8.37,0,High
69.0,68.5,71.9,6.76,1,Average
76.0,81.9,76.8,7.54,1,Average
65.3,64.1,70.6,5.51,2,Low
69.3,76.1,79.1,7.08,1,Average
54.0,27.5,35.6,2.5,4,Low
69.8,59.9,67.2,5.62,1,Average
90.9,80.1,90.3,8.6,0,High
53.2,46.4,43.5,3.77,2,Low
73.0,75.5,76.3,7.55,0,Average
97.9,100.0,88.8,9.81,0,High
60.7,41.3,46.3,2.81,3,Low
63.1,48.5,60.7,4.72,1,Low
82.8,72.1,92.3,8.08,0,High
69.8,64.6,67.7,6.07,1,Average
67.0,48.3,69.3,5.85,0,Average
81.4,77.2,80.9,7.15,1,Average
69.6,63.0,48.4,5.21,1,Low
71.8,91.9,74.5,7.98,0,High
73.3,58.0,72.7,6.61,0,Average
57.6,46.6,59.5,4.21,2,Low
45.2,47.4,42.3,3.24,2,Low
84.8,83.5,83.3,8.42,0,High
53.2,64.5,66.7,6.42,1,Average
48.2,53.3,51.0,4.67,1,Low
62.2,48.2,63.0,4.02,3,Low
78.7,57.7,55.9,6.31,0,Average
71.7,61.8,64.7,6.35,0,Average
44.4,27.8,30.0,2.5,5,Low
59.5,41.3,58.4,3.93,2,Low
54.4,68.4,63.2,6.6,0,Average
61.2,61.6,66.3,6.12,1,Average
81.6,58.4,68.6,6.85,0,Average
86.3,83.3,82.9,8.63,0,High
55.3,44.7,44.4,4.12,1,Low
75.5,52.3,59.4,5.15,1,Low
78.0,78.1,60.1,7.34,0,Average
59.7,49.7,49.4,4.25,2,Low
85.4,83.9,74.9,8.15,0,High
88.8,78.6,74.7,7.89,0,High
67.1,55.8,70.5,4.53,3,Low
61.5,51.5,51.9,4.34,2,Low
70.0,64.6,71.9,6.35,1,Average
78.7,92.0,80.8,8.39,0,High
99.7,94.3,92.2,9.35,0,High
73.6,61.9,78.4,6.76,0,Average
46.4,45.4,56.0,4.26,2,Low
52.3,38.1,36.9,2.5,5,Low
54.7,38.1,42.4,2.5,4,Low
60.8,80.6,61.3,7.09,0,Average
87.8,75.0,94.7,8.53,0,High
46.0,38.9,50.1,2.67,3,Low
53.8,50.5,64.5,3.43,4,Low
73.5,52.0,66.0,5.31,1,Low
65.5,58.4,84.1,6.87,0,Average
89.2,85.1,87.5,8.78,0,High
64.8,61.5,66.9,5.76,1,Average
48.8,40.9,44.1,3.24,2,Low
68.8,48.9,53.4,4.91,1,Low
54.2,40.9,39.1,2.72,3,Low
76.2,87.7,87.2,8.41,0,High
48.8,65.1,54.4,5.45,1,Low
53.9,44.5,65.0,4.37,2,Low
86.1,72.2,76.2,7.62,0,High
62.2,57.3,65.6,4.73,3,Low
45.5,38.3,42.9,2.5,5,Low
85.6,84.1,90.1,8.64,0,High
66.6,57.8,56.8,6.08,0,Average
44.9,55.3,43.4,3.62,3,Low
59.6,48.9,65.6,4.59,3,Low
66.0,70.7,73.2,6.86,0,Average
52.8,58.7,55.7,5.55,0,Average
87.4,68.9,70.8,7.18,0,Average
81.7,87.1,76.8,8.08,0,High
77.3,86.7,92.4,8.41,0,High
94.5,83.8,80.2,8.24,0,High
81.2,74.6,80.7,7.8,0,High
79.3,76.4,87.7,8.02,0,High
91.9,91.4,91.2,9.32,0,High
70.5,60.3,65.4,6.1,1,Average
60.1,50.7,54.2,4.06,2,Low
80.0,75.8,87.4,7.91,0,High
74.3,72.2,61.8,6.9,0,Average
69.1,59.2,68.0,6.2,1,Average
59.2,46.8,43.1,4.08,2,Low
85.2,75.7,73.6,7.97,0,High
74.1,63.8,83.1,7.15,0,Average
84.7,86.5,87.6,8.76,0,High
65.7,51.8,71.8,5.02,2,Low
49.1,33.1,30.0,2.5,3,Low
69.0,66.2,73.4,6.51,1,Average
85.1,69.6,56.6,6.8,0,Average
49.2,55.3,54.5,4.6,1,Low
51.5,49.0,48.4,3.66,3,Low
89.5,86.1,81.8,8.86,0,High
70.1,59.3,62.5,6.17,0,Average
76.9,76.3,93.2,8.44,0,High
51.9,37.4,32.3,2.51,3,Low
70.8,73.3,81.6,7.83,0,High
58.5,63.3,68.5,6.07,0,Average
84.6,86.6,82.2,8.66,0,High
66.8,51.0,69.7,5.83,0,Average
76.2,74.1,66.8,7.47,0,Average
65.1,67.3,69.2,6.27,1,Average
95.1,82.4,83.6,8.52,0,High
63.3,64.8,53.3,5.44,2,Low
78.8,58.4,49.0,5.87,0,Average
82.0,82.3,86.0,8.56,0,High
97.9,82.9,90.4,8.94,0,High
59.1,40.7,38.9,2.83,3,Low
95.9,82.4,91.6,8.98,0,High
92.4,84.9,87.5,8.7,0,High
53.4,51.9,45.8,5.01,0,Low
51.5,44.1,68.1,3.99,3,Low
68.2,54.8,53.9,6.0,0,Average
78.1,73.6,73.8,6.92,1,Average
57.5,36.1,49.3,3.74,1,Low
79.0,66.4,80.6,7.11,0,Average
52.8,36.6,47.2,2.94,2,Low
90.8,90.0,86.9,9.01,0,High
86.3,72.7,94.1,7.95,0,High
85.0,82.5,89.0,8.41,0,High
68.7,67.4,70.0,6.41,1,Average
64.4,55.2,77.5,6.04,0,Average
83.1,74.3,84.9,6.8,2,Low
43.8,39.2,38.8,3.04,2,Low
100.0,91.1,77.0,9.14,0,High
66.8,68.8,62.1,5.75,2,Low
62.5,63.9,65.6,5.15,2,Low
90.4,95.1,86.3,9.04,0,High
61.8,45.9,45.1,3.14,3,Low
74.7,78.4,85.9,8.03,0,High
77.6,67.7,65.9,7.01,0,Average
72.1,65.4,74.0,6.68,1,Average
40.3,25.6,33.7,2.51,1,Low
72.7,67.2,73.5,6.84,0,Average
68.4,58.1,73.0,6.37,0,Average
79.8,75.6,78.4,7.71,0,High
68.6,41.7,65.9,5.16,0,Low
75.0,69.5,56.6,6.23,1,Average
65.3,65.7,61.3,6.29,0,Average
56.4,47.4,47.4,4.39,2,Low
82.9,91.7,85.3,9.29,0,High
77.4,67.1,64.3,6.88,0,Average
70.1,61.8,68.0,6.22,0,Average
81.8,75.9,76.8,7.78,0,High
60.9,64.8,64.9,6.34,0,Average
75.4,59.9,68.0,4.92,3,Low
74.0,90.1,72.6,8.09,0,High
84.9,73.9,78.7,7.67,0,High
93.8,87.6,78.4,8.74,0,High
75.4,83.8,95.3,8.6,0,High
84.3,83.5,82.9,7.75,1,Average
53.9,51.4,50.5,2.78,5,Low
83.9,76.2,67.8,7.38,0,High
71.3,78.2,73.6,7.89,0,High
86.8,64.6,83.9,7.35,0,High
66.9,77.3,77.2,7.55,0,High
79.2,64.2,64.8,6.82,0,Average
77.7,63.3,56.8,6.45,0,Average
75.5,73.1,73.1,7.17,0,Average
77.8,85.6,81.1,8.47,0,High
74.9,74.4,70.1,6.61,1,Average
53.8,57.3,49.3,4.22,2,Low
69.1,67.1,68.8,6.62,0,Average
75.2,85.7,77.3,8.06,0,High
48.3,51.5,49.9,4.04,2,Low
80.6,85.7,73.9,8.21,0,High
73.4,61.7,62.8,6.49,0,Average
70.2,58.8,66.9,5.67,1,Low
65.4,47.0,62.7,4.34,2,Low
81.7,74.9,74.5,7.59,0,High
79.1,72.7,65.3,7.41,0,Average
65.6,56.9,70.6,6.21,0,Average
81.5,65.0,79.0,7.16,0,Average
65.2,51.8,54.7,4.36,2,Low
68.2,60.8,73.8,6.03,1,Average
99.5,87.0,95.6,9.42,0,High
85.3,78.6,88.6,8.02,0,High
78.4,71.3,66.9,6.78,0,Average
79.8,87.8,78.2,8.52,0,High
78.2,59.6,69.7,5.45,2,Low
72.0,67.5,56.3,6.01,1,Average
67.6,73.5,77.2,6.55,2,Low
76.4,66.2,62.7,6.92,0,Average
71.7,63.8,68.8,6.75,0,Average
73.3,66.6,69.9,6.11,1,Average
85.5,87.4,99.2,8.97,0,High
41.8,27.7,31.7,2.5,2,Low
84.1,86.2,94.9,8.66,0,High
60.8,49.6,59.9,2.98,4,Low
76.2,73.5,82.9,7.99,0,High
70.5,57.6,56.4,6.36,0,Average
95.6,86.3,91.7,8.89,0,High
56.2,55.6,72.1,6.15,0,Average
57.8,44.0,58.9,4.22,2,Low
51.4,46.4,45.7,3.99,2,Low
79.0,69.9,70.2,7.42,0,Average
72.1,68.2,74.2,6.52,2,Low
35.6,39.7,39.0,2.92,2,Low
57.0,44.3,64.4,3.83,3,Low
76.8,63.1,71.7,6.12,1,Average
40.6,31.8,41.0,2.64,2,Low
83.6,66.9,85.2,6.79,1,Average
78.7,65.2,68.3,6.28,1,Average
68.7,59.6,65.6,5.88,0,Average
62.9,66.5,72.4,6.46,0,Average
68.9,65.3,70.1,6.85,0,Average
63.1,67.9,67.8,6.56,0,Average
46.1,37.6,55.4,3.94,1,Low
55.9,52.5,53.2,3.31,4,Low
60.3,78.0,86.6,7.69,0,High
59.5,57.7,58.7,5.43,0,Average
62.6,50.2,65.0,6.07,0,Average
60.1,77.0,55.0,6.64,0,Average
70.7,66.4,63.4,6.18,1,Average
78.9,61.8,64.9,6.49,0,Average
83.3,81.6,85.2,7.98,1,Average
75.5,75.6,53.9,6.65,1,Average
65.2,56.2,66.6,4.54,3,Low
76.5,82.4,82.5,8.23,0,High
83.0,90.7,90.2,8.93,0,High
49.9,37.2,44.9,3.05,2,Low
89.1,82.1,77.6,8.38,0,High
49.4,41.4,43.6,4.06,1,Low
61.8,56.0,61.3,6.06,0,Average
61.6,56.7,59.9,4.71,2,Low
63.7,58.5,75.9,4.49,4,Low
60.9,51.0,58.8,5.3,0,Average
51.3,40.5,48.3,4.09,1,Low
64.3,60.9,72.6,6.53,0,Average
74.5,65.3,62.7,5.17,2,Low
68.2,68.9,72.3,6.84,0,Average
83.9,79.6,85.3,7.91,0,High
37.4,34.3,52.4,3.51,1,Low
66.5,47.8,41.3,2.65,4,Low
67.9,49.2,70.9,4.76,2,Low
71.9,77.5,72.0,7.7,0,High
38.5,34.7,34.5,2.5,1,Low
70.4,64.8,71.4,6.49,0,Average
95.6,86.3,87.9,8.71,0,High
56.1,46.8,47.2,4.06,2,Low
92.4,76.7,80.6,8.21,0,High
81.6,78.4,81.5,7.74,0,High
50.6,43.0,55.1,3.54,3,Low
70.1,56.7,64.7,6.27,0,Average
79.1,67.3,79.3,7.82,0,High
56.0,40.5,67.3,3.97,2,Low
60.1,41.1,57.3,4.88,1,Low
56.2,50.2,52.4,4.49,1,Low
71.1,54.0,65.9,6.34,0,Average
72.6,62.1,75.7,7.03,0,Average
78.6,92.7,80.7,8.04,1,Average
53.3,46.7,67.5,4.88,1,Low
69.9,73.8,69.0,7.14,0,Average
91.0,82.7,76.5,7.9,0,High
88.7,81.4,89.9,8.43,0,High
71.7,48.6,67.3,6.04,0,Average
81.0,61.8,76.0,6.93,0,Average
42.5,45.6,48.0,4.34,1,Low
91.2,87.2,75.1,8.29,0,High
67.2,74.7,70.5,7.1,0,Average
88.2,88.5,75.4,8.71,0,High
78.9,85.4,82.1,8.44,0,High
88.2,89.9,90.1,9.12,0,High
39.3,40.0,48.3,2.5,5,Low
73.8,73.1,77.7,7.31,0,High
87.7,86.5,86.9,8.72,0,High
66.2,62.2,59.2,3.9,4,Low
41.7,44.7,48.4,2.66,4,Low
67.0,60.0,58.9,5.88,0,Average
80.9,75.4,68.0,7.3,0,High
57.2,56.7,64.8,4.29,3,Low
80.2,82.3,81.4,8.18,0,High
60.1,47.2,54.4,3.62,3,Low
43.7,35.6,40.5,3.1,1,Low
55.7,55.3,60.0,4.71,1,Low
68.7,48.9,52.4,4.22,3,Low
85.8,86.5,90.4,8.62,0,High
58.5,69.4,63.8,5.71,2,Low
80.2,76.6,84.8,7.88,0,High
84.5,74.9,88.1,8.05,0,High
60.8,44.9,48.7,4.23,1,Low
63.3,55.5,63.8,4.67,3,Low
80.0,79.3,82.7,7.8,0,High
76.5,61.8,59.2,6.48,0,Average
89.8,89.9,100.0,9.78,0,High
71.3,79.5,67.5,7.11,1,Average
83.7,76.3,90.1,8.22,0,High
51.5,53.7,61.5,3.56,4,Low
60.5,58.4,59.3,6.14,0,Average
55.9,56.9,55.6,5.68,0,Average
63.0,52.0,58.1,4.04,4,Low
52.5,37.5,42.8,2.92,3,Low
72.0,62.3,64.3,6.92,0,Average
50.3,51.3,64.9,4.52,1,Low
83.3,57.4,74.1,6.92,0,Average
66.1,61.8,66.6,6.26,0,Average
71.2,62.7,66.9,7.06,0,Average
70.4,60.0,74.2,6.53,0,Average
74.4,63.7,71.8,6.73,0,Average
75.4,60.2,67.9,6.74,0,Average
60.6,55.1,60.7,5.66,0,Low
97.1,92.3,81.4,8.53,1,Average
96.0,85.9,94.7,9.09,0,High
80.2,83.6,82.6,8.07,0,High
88.0,93.1,92.4,9.12,0,High
62.4,60.0,62.9,5.53,1,Low
59.1,47.7,67.3,4.7,2,Low
82.0,87.8,91.5,8.58,0,High
53.5,44.3,36.1,3.4,2,Low
90.1,78.8,67.7,7.78,0,High
72.4,71.2,74.0,6.37,2,Low
56.7,49.3,56.9,3.5,4,Low
81.0,75.8,83.8,7.88,0,High
78.0,72.0,73.6,7.25,0,High
75.3,76.8,62.0,7.39,0,Average
66.2,59.0,78.0,6.98,0,Average
69.5,63.9,72.4,6.64,0,Average
78.8,79.6,79.3,7.87,0,High
100.0,78.1,70.4,8.02,0,High
68.9,54.1,55.1,5.67,0,Average
91.7,87.1,79.2,8.74,0,High
86.8,80.6,83.2,8.28,0,High
46.5,39.4,45.0,3.22,2,Low
74.3,66.3,67.7,6.84,0,Average
70.5,76.9,71.8,7.34,0,Average
75.4,69.8,76.1,7.31,0,High
51.5,36.2,36.2,3.06,2,Low
35.0,48.5,49.3,3.13,3,Low
78.1,71.2,80.8,6.6,2,Low
60.5,69.6,64.7,6.25,0,Average
70.4,72.6,76.6,7.55,0,Average
48.0,33.2,30.1,2.5,3,Low
54.9,43.8,55.6,4.71,1,Low
65.9,63.0,72.0,5.95,1,Average
56.3,47.1,57.5,4.41,1,Low
65.3,55.6,59.3,5.95,0,Average
77.8,59.9,73.4,6.81,0,Average
75.1,83.0,81.8,8.2,0,High
52.0,45.5,53.6,3.92,2,Low
50.7,46.2,44.9,4.11,1,Low
83.6,87.4,97.7,8.88,0,High
65.1,56.4,60.6,5.44,1,Low
78.6,90.4,83.3,8.46,0,High
82.7,68.0,71.9,6.87,0,Average
60.8,64.1,57.3,5.26,2,Low
65.0,63.9,75.1,5.08,3,Low
73.2,59.0,62.2,6.17,0,Average
83.1,56.1,68.8,6.27,0,Average
49.2,54.5,46.1,3.28,4,Low
98.9,82.9,85.6,8.82,0,High
64.7,67.2,66.5,5.59,2,Low
65.4,44.0,52.2,4.12,2,Low
50.7,42.7,38.8,3.17,2,Low
73.4,63.9,54.6,6.4,0,Average
76.3,57.9,68.0,6.57,0,Average
67.3,67.5,61.0,6.54,0,Average
79.8,84.6,83.7,8.22,0,High
66.7,54.1,64.1,5.04,1,Low
37.0,36.1,45.8,2.5,3,Low
45.9,29.9,45.8,2.5,4,Low
84.9,85.0,89.7,8.39,0,High
96.2,96.7,96.6,9.69,0,High
77.1,62.7,68.9,6.64,0,Average
62.8,68.8,74.7,6.78,0,Average
74.7,82.6,83.0,7.84,0,High
79.5,86.7,72.2,7.97,0,High
60.9,56.2,55.5,4.08,4,Low
49.5,43.3,54.0,2.5,4,Low
54.1,44.9,49.8,3.01,3,Low
79.4,75.4,73.0,7.67,0,Average
60.5,51.3,54.0,3.56,4,Low
69.3,53.4,69.2,6.09,0,Average
64.4,63.4,72.6,6.11,1,Average
74.0,75.1,74.6,7.33,0,High
71.4,62.9,65.7,5.86,1,Average
79.8,62.3,68.6,6.17,1,Average
67.4,67.8,78.7,5.96,2,Low
75.3,61.0,47.5,5.8,0,Average
92.7,81.6,82.9,8.36,0,High
88.8,88.7,91.7,8.94,0,High
70.6,65.1,78.4,7.33,0,Average
63.6,49.6,66.8,5.37,1,Low
68.9,57.4,79.6,6.32,0,Average
72.4,67.6,75.8,7.02,0,Average
51.0,47.2,57.9,4.2,2,Low
82.3,80.4,86.1,7.79,1,Average
66.8,67.9,72.0,6.73,0,Average
65.0,54.3,61.5,5.67,0,Average
85.1,74.9,90.9,7.96,1,Average
100.0,73.3,92.3,8.18,0,High
49.3,52.5,32.0,4.28,1,Low
55.8,53.8,71.4,6.03,0,Average
70.0,61.8,64.8,5.3,3,Low
57.0,60.4,68.3,6.2,0,Average
66.8,61.0,56.9,5.74,0,Average
81.0,82.4,68.2,8.11,0,High
82.1,64.8,77.7,7.13,0,Average
51.7,38.4,57.4,3.03,3,Low
67.2,67.2,70.0,6.94,0,Average
66.6,66.6,60.1,6.21,0,Average
60.0,41.3,63.5,3.98,2,Low
89.1,82.4,75.7,8.52,0,High
64.0,62.8,58.2,6.55,0,Average
82.7,67.7,74.9,7.45,0,Average
63.8,71.3,54.0,6.45,0,Average
79.4,84.4,87.0,8.45,0,High
53.1,53.1,37.1,4.5,1,Low
77.4,70.0,72.9,6.78,2,Low
67.6,58.9,65.0,5.74,1,Average
94.3,85.0,94.5,8.99,0,High
89.5,86.4,82.1,8.46,0,High
81.7,77.7,67.9,7.5,0,Average
48.3,42.4,44.0,2.83,2,Low
70.9,73.3,80.2,7.3,0,High
98.3,90.5,91.8,9.3,0,High
46.0,40.6,30.0,3.01,2,Low
54.8,43.4,49.6,5.03,0,Low
59.8,59.3,56.4,5.89,0,Average
57.5,59.9,63.3,5.47,1,Low
74.6,70.9,52.4,6.12,1,Average
83.3,89.8,68.4,8.35,0,High
81.4,80.8,76.9,8.06,0,High
65.5,71.7,65.7,7.37,0,Average
58.2,60.0,51.4,5.01,2,Low
99.7,77.6,71.0,8.09,0,High
69.3,68.7,68.9,6.79,0,Average
73.9,58.0,57.0,5.02,2,Low
93.2,90.3,90.6,8.85,0,High
62.6,73.0,73.8,7.3,0,Average
46.7,43.1,38.9,3.8,1,Low
91.0,88.3,90.7,8.64,0,High
86.7,91.7,81.9,8.82,0,High
70.4,77.8,80.1,7.72,0,High
95.3,80.5,84.9,8.78,0,High
61.4,75.8,61.5,6.63,0,Average
62.2,58.8,68.5,5.82,1,Average
70.7,68.5,75.7,7.03,0,Average
88.0,82.2,85.2,8.46,0,High
87.9,76.8,93.2,8.19,0,High
86.6,85.3,86.7,8.51,0,High
82.1,77.8,90.9,8.33,0,High
65.5,39.1,47.1,2.81,4,Low
67.3,54.4,50.7,4.1,3,Low
63.9,54.8,52.0,3.94,3,Low
72.3,60.6,62.5,6.36,0,Average
78.4,78.9,78.6,7.11,1,Average
62.6,66.3,68.9,5.74,1,Average
73.9,52.2,63.4,5.96,0,Average
60.2,43.9,59.7,4.93,1,Low
60.7,52.6,63.8,5.78,0,Average
64.2,73.3,57.9,6.53,0,Average
51.4,42.2,36.7,2.5,4,Low
93.8,82.6,82.1,8.25,0,High
68.6,70.6,65.7,7.04,0,Average
43.5,29.5,47.7,2.92,1,Low
90.9,81.0,80.8,8.09,0,High
54.6,45.0,57.9,3.65,3,Low
64.9,56.9,62.7,3.5,5,Low
61.1,66.0,76.8,6.92,0,Average
97.0,81.4,87.7,8.42,0,High
56.9,43.6,42.1,3.98,1,Low
87.2,82.4,92.9,9.0,0,High
40.3,32.6,40.4,2.5,3,Low
67.1,68.9,56.8,6.77,0,Average
71.7,59.3,68.7,6.66,0,Average
55.8,31.2,48.2,3.4,1,Low
50.1,42.9,46.3,2.54,4,Low
82.7,86.2,93.4,8.5,0,High
57.4,40.9,58.0,4.08,2,Low
42.7,46.7,50.9,3.8,1,Low
63.6,79.7,86.4,8.05,0,High
75.4,80.0,79.4,7.86,0,High
66.4,73.3,65.0,7.1,0,Average
67.3,54.4,47.2,4.54,1,Low
64.2,87.5,80.5,7.98,0,High
51.8,45.5,57.2,3.36,4,Low
82.2,70.2,68.9,7.29,0,High
76.3,75.3,77.5,7.5,0,Average
68.8,45.7,48.9,3.65,3,Low
78.6,68.0,75.7,7.03,0,Average
91.9,78.3,74.2,8.08,0,High
86.2,85.5,76.2,8.58,0,High
62.3,55.6,52.6,5.87,0,Average
62.0,56.6,70.7,5.91,0,Average
83.4,77.3,83.1,8.11,0,High
59.9,61.9,71.9,6.46,0,Average
81.1,82.1,79.7,8.09,0,High
66.8,54.6,73.1,6.17,0,Average
69.8,75.3,74.8,6.53,2,Low
78.5,78.0,75.5,7.71,0,High
100.0,91.9,84.7,9.23,0,High
52.6,58.9,61.3,5.12,1,Low
77.4,66.2,67.1,6.08,1,Average
82.1,73.1,67.3,6.94,0,Average
68.7,62.5,65.3,6.58,0,Average
69.2,70.2,64.4,6.88,0,Average
70.9,58.0,76.9,5.66,2,Low
81.1,74.7,69.6,6.46,2,Low
58.5,66.6,68.7,5.51,2,Low
88.5,93.8,82.8,9.27,0,High
71.2,58.7,50.1,5.76,0,Average
67.2,67.6,61.0,5.93,1,Average
68.6,88.5,92.8,8.11,1,Average
67.7,85.7,95.0,8.58,0,High
55.0,47.8,56.5,4.21,2,Low
50.4,34.1,33.8,2.5,4,Low
77.4,69.7,79.8,7.34,0,Average
79.8,61.6,60.4,6.41,0,Average
78.6,84.9,74.4,8.01,0,High
63.0,62.3,67.0,6.48,0,Average
78.9,60.7,47.5,5.26,0,Low
66.0,55.7,54.4,5.75,0,Low
66.0,66.0,51.7,6.15,0,Average
42.3,46.1,36.4,2.5,3,Low
69.8,74.7,70.2,6.68,1,Average
73.5,64.5,66.9,7.13,0,Average
81.5,64.1,74.9,7.02,0,Average
59.3,53.2,53.2,4.38,2,Low
96.4,90.0,84.8,9.24,0,High
42.4,41.1,49.9,2.54,4,Low
69.8,70.3,69.6,6.76,0,Average
61.7,58.6,64.9,6.47,0,Average
81.3,81.7,88.4,8.38,0,High
70.9,52.0,61.9,5.67,1,Low
64.3,60.5,56.3,5.84,0,Average
71.9,63.5,74.8,5.89,2,Low
79.0,72.4,83.6,7.01,1,Average
38.7,30.4,47.4,2.5,3,Low
82.8,74.7,65.1,6.54,2,Low
67.7,38.3,51.7,4.53,1,Low
87.3,66.9,58.7,6.61,0,Average
59.2,60.3,66.6,6.15,0,Average
85.0,81.3,89.6,8.28,0,High
69.2,56.2,64.7,6.0,0,Average
71.0,49.1,79.5,6.3,0,Average
94.1,80.8,82.4,8.3,0,High
92.5,89.6,84.9,9.08,0,High
71.4,73.1,76.4,7.35,0,High
66.9,66.7,75.9,6.0,2,Low
95.3,74.1,63.9,7.67,0,High
67.1,58.7,48.3,5.13,2,Low
71.5,61.0,56.5,6.11,0,Average
90.7,82.5,78.7,8.18,0,High
62.1,70.2,74.5,6.56,0,Average
69.7,63.7,65.6,6.79,0,Average
51.7,41.0,42.5,2.5,4,Low
68.6,56.6,64.1,4.88,2,Low
52.1,50.0,56.4,3.4,4,Low
80.8,67.0,77.3,6.49,1,Average
82.4,77.7,87.5,8.21,0,High
80.5,84.3,81.0,8.31,0,High
52.1,45.6,61.8,3.77,2,Low
73.6,67.8,81.1,7.36,0,High
81.5,87.1,84.1,8.29,0,High
49.8,41.7,41.1,3.7,1,Low
51.7,36.0,51.4,3.85,1,Low
85.7,71.3,69.9,7.36,0,High
97.7,91.8,84.0,9.09,0,High
83.0,79.9,86.3,8.54,0,High
68.5,72.1,73.2,6.75,1,Average
54.4,54.0,65.1,5.05,1,Low
72.3,68.4,58.0,6.38,1,Average
46.4,47.6,43.9,3.9,1,Low
71.6,62.3,74.0,6.76,0,Average
90.4,94.0,95.5,9.24,0,High
65.7,63.9,68.0,6.46,0,Average
90.7,95.8,96.8,9.19,0,High
46.2,41.9,32.4,2.88,3,Low
62.8,38.4,43.0,3.25,2,Low
84.3,81.8,81.3,8.55,0,High
71.3,65.2,51.0,6.44,0,Average
71.9,69.6,68.9,6.84,0,Average
100.0,71.8,80.5,7.99,0,High
98.6,91.9,87.2,9.33,0,High
71.6,64.9,63.0,6.32,0,Average
70.5,60.2,53.7,6.1,0,Average
99.8,86.1,84.1,9.14,0,High
62.4,53.1,60.8,5.77,0,Average
71.0,66.2,75.3,6.88,0,Average
73.4,76.3,74.3,7.32,1,Average
76.9,70.5,73.2,7.19,0,Average
48.1,51.6,52.8,4.31,2,Low
56.5,33.6,34.8,3.03,2,Low
66.6,69.3,77.0,6.9,0,Average
70.7,69.9,75.2,7.02,1,Average
80.2,66.9,62.2,6.13,1,Average
82.5,75.8,94.0,8.21,0,High
68.6,64.5,74.1,6.19,1,Average
84.9,83.3,81.4,7.81,0,High
64.9,66.2,69.5,6.31,0,Average
65.6,44.4,58.4,4.81,1,Low
77.6,79.9,65.3,7.16,0,Average
72.7,63.1,56.3,6.16,0,Average
82.6,85.8,69.5,8.21,0,High
55.6,51.5,42.8,3.11,4,Low
46.2,46.2,52.7,4.3,1,Low
84.4,76.2,65.3,6.6,2,Low
63.5,67.6,58.9,6.15,0,Average
48.1,51.7,53.6,2.5,5,Low
59.3,34.4,70.9,4.62,1,Low
67.8,66.1,71.1,6.67,0,Average
43.3,38.9,32.7,2.88,2,Low
52.8,59.9,57.3,3.37,4,Low
49.3,49.1,63.5,5.06,1,Low
88.3,86.3,80.7,8.34,0,High
83.5,73.7,71.3,7.47,0,High
63.1,67.3,70.8,6.6,0,Average
69.9,64.8,62.1,6.15,1,Average
50.9,49.1,61.2,3.76,4,Low
77.8,79.8,75.1,7.33,1,Average
64.7,44.2,54.4,4.85,1,Low
78.9,71.2,82.0,7.71,0,Average
90.1,74.7,71.0,7.65,0,High
94.3,91.8,80.8,8.93,0,High
78.9,75.3,79.9,7.6,0,High
85.2,95.8,87.6,8.9,0,High
58.5,70.0,54.9,5.72,1,Average
73.3,64.9,69.3,6.79,0,Average
65.8,60.4,68.2,6.19,0,Average
68.5,53.4,47.3,4.29,2,Low
60.2,64.9,65.9,6.16,0,Average
72.9,65.6,66.7,6.26,1,Average
88.4,83.0,86.2,8.47,0,High
35.0,23.6,32.3,2.5,2,Low
72.2,72.4,74.6,6.91,1,Average
43.0,53.8,52.2,3.69,3,Low
60.7,45.9,60.7,4.26,3,Low
71.4,57.1,58.9,5.79,1,Average
58.1,51.5,47.8,4.41,2,Low
86.4,77.1,83.1,8.3,0,High
92.5,84.6,91.6,8.94,0,High
68.4,65.6,72.0,6.78,0,Average
86.0,77.6,98.1,8.58,0,High
73.2,62.9,70.2,6.92,0,Average
76.2,59.5,68.7,6.45,0,Average
74.1,78.4,67.5,7.01,0,Average
63.0,67.0,61.4,6.36,0,Average
62.9,53.3,60.9,3.85,4,Low
70.9,65.0,66.6,6.15,1,Average
59.3,48.7,49.3,3.06,4,Low
76.6,67.4,63.7,6.55,0,Average
64.7,59.5,46.9,5.64,0,Average
90.2,73.1,71.1,7.69,0,Average
56.7,49.2,47.0,4.17,2,Low
59.2,55.7,40.5,4.56,1,Low
50.6,63.3,59.4,5.59,0,Average
77.1,66.1,66.9,6.86,0,Average
69.8,49.0,58.9,5.11,1,Low
85.9,87.5,83.3,8.54,0,High
69.9,77.8,57.3,6.73,0,Average
99.3,78.9,84.0,8.55,0,High
72.6,68.8,65.9,7.03,0,Average
72.5,67.9,69.3,6.6,0,Average
42.6,33.7,36.3,2.5,2,Low
75.0,74.6,64.9,6.86,1,Average
63.5,56.4,71.6,5.24,1,Low
82.9,79.7,79.7,7.63,1,Average
81.0,94.4,89.4,8.74,0,High
76.5,76.9,79.6,8.23,0,High
97.7,91.4,90.7,9.48,0,High
80.2,73.4,72.4,7.48,0,High
65.1,55.3,65.0,6.04,0,Average
59.5,57.3,56.9,5.18,1,Low
57.8,52.3,57.2,5.52,0,Average
74.1,73.8,72.8,7.37,0,High
63.0,39.7,49.4,4.19,1,Low
81.1,70.1,82.7,7.87,0,High
89.1,81.1,91.4,8.27,0,High
65.5,60.3,54.0,6.23,0,Average
71.4,66.2,73.9,7.11,0,Average
73.2,71.3,66.6,5.96,2,Low
73.4,74.1,72.0,7.53,0,Average
44.4,40.4,50.1,3.48,2,Low
52.0,55.7,63.3,4.82,1,Low
64.2,62.4,69.8,5.34,2,Low
77.2,70.7,82.9,7.44,0,High
74.0,66.3,63.6,5.85,2,Low
54.2,59.9,54.6,5.26,1,Low
52.3,41.3,38.5,3.6,1,Low
60.9,65.1,62.5,6.01,0,Average
100.0,100.0,85.0,9.74,0,High
64.3,64.0,71.8,6.82,0,Average
72.0,69.3,74.2,6.99,1,Average
55.6,48.7,65.3,4.87,1,Low
73.9,85.6,86.4,7.97,0,High
85.1,72.4,83.8,7.71,0,High
52.2,30.2,58.4,3.47,2,Low
88.7,83.1,92.6,8.53,0,High
45.2,41.9,51.3,4.07,1,Low
69.3,65.4,70.0,6.4,0,Average
62.2,56.4,60.0,5.67,1,Low
49.5,52.4,51.3,3.58,3,Low
55.6,39.7,57.7,4.63,1,Low
72.8,73.3,68.4,6.86,0,Average
73.6,73.8,66.0,7.22,0,Average
56.4,68.8,79.6,7.05,0,Average
70.6,62.4,61.8,6.27,0,Average
74.1,70.0,79.2,7.85,0,High
74.3,56.5,44.1,5.45,1,Low
75.2,72.8,57.1,6.88,0,Average
50.8,35.4,48.8,3.68,1,Low
62.2,69.3,80.8,6.79,1,Average
66.5,62.6,62.6,6.19,0,Average
62.4,66.7,74.4,6.14,1,Average
83.5,84.6,87.0,8.38,0,High
81.5,77.7,71.6,7.04,0,Average
82.8,83.0,83.5,8.14,0,High
75.5,78.6,74.8,7.9,0,High
56.4,48.5,42.4,3.32,3,Low
86.4,68.6,89.0,8.36,0,High
54.5,74.1,84.6,7.45,0,Average
87.6,75.6,82.8,7.96,0,High
78.9,64.3,54.6,6.46,0,Average
73.2,64.8,64.4,6.17,1,Average
51.0,40.7,32.8,3.29,2,Low
75.8,73.6,67.9,6.98,1,Average
59.2,51.7,51.7,3.5,4,Low
42.9,32.8,32.3,2.5,1,Low
73.5,71.5,67.2,6.84,0,Average
100.0,90.6,82.5,9.03,0,High
71.0,63.8,70.1,6.23,1,Average
40.0,29.7,30.0,2.5,3,Low
56.4,53.7,61.0,4.91,1,Low
63.5,42.7,35.2,2.5,5,Low
47.5,44.4,38.4,2.98,3,Low
76.9,72.9,87.4,7.65,0,High
70.0,73.6,66.2,7.4,0,Average
66.9,68.0,63.4,6.67,0,Average
79.5,79.3,89.9,9.06,0,High
61.1,50.0,47.2,3.19,3,Low
64.5,64.5,69.1,6.33,0,Average
60.0,60.7,72.6,5.83,1,Average
61.2,49.9,50.3,4.27,1,Low
67.0,71.3,63.3,5.63,2,Low
78.9,59.8,63.7,6.51,0,Average
59.8,28.1,41.8,2.84,2,Low
70.5,54.5,56.9,5.65,0,Average
66.7,69.2,63.5,6.96,0,Average
66.6,56.8,82.1,6.87,0,Average
75.6,62.1,74.1,6.94,0,Average
74.1,63.3,81.7,7.15,0,Average
81.5,77.2,87.1,7.9,0,High
56.7,52.2,53.0,5.46,0,Average
38.3,38.6,32.9,2.91,2,Low
49.1,38.2,46.2,2.5,5,Low
80.3,77.9,78.8,8.02,0,High
74.9,66.9,78.9,6.69,0,Average
50.6,47.4,55.2,3.85,2,Low
61.5,58.3,61.3,5.77,0,Average
86.9,80.8,98.8,8.56,0,High
80.3,74.2,80.5,5.85,4,Low
67.7,67.0,62.9,6.88,0,Average
97.4,98.2,90.8,9.78,0,High
78.3,62.8,74.4,6.64,1,Average
69.0,52.8,57.8,5.56,0,Average
74.8,80.6,70.5,7.6,0,High
81.2,87.7,78.9,8.21,0,High
95.4,79.8,83.7,8.6,0,High
52.0,37.4,47.9,3.55,2,Low
60.9,65.9,70.3,6.71,0,Average
69.6,63.0,76.7,6.46,0,Average
77.2,71.7,82.7,7.51,0,High
81.9,74.9,81.7,6.81,2,Low
64.9,56.9,52.6,4.78,2,Low
92.5,70.5,72.9,7.34,0,High
52.2,53.8,52.5,3.77,3,Low
49.8,42.8,46.0,2.5,5,Low
59.0,48.6,47.7,4.53,1,Low
75.9,66.3,73.6,6.8,0,Average
71.3,83.0,76.5,8.15,0,High
52.9,45.9,40.5,3.61,2,Low
79.1,92.8,80.0,8.87,0,High
64.8,70.4,63.6,5.95,1,Average
71.0,62.7,67.8,6.57,0,Average
92.1,83.8,69.2,7.8,0,High
48.5,45.7,49.7,4.08,1,Low
45.6,35.7,46.6,2.5,5,Low
80.0,62.1,69.0,6.03,1,Average
44.4,36.4,34.1,2.5,4,Low
78.6,66.1,63.8,6.83,0,Average
80.2,82.4,70.7,7.24,1,Average
51.0,52.5,55.4,5.19,0,Low
77.5,59.4,79.6,6.76,0,Average
55.9,59.3,55.9,3.85,4,Low
63.6,63.3,60.1,5.18,2,Low
78.0,71.0,64.7,7.01,0,Average
76.1,68.2,74.2,7.02,0,Average
58.7,55.8,66.0,4.68,3,Low
58.9,72.2,63.3,6.4,0,Average
76.5,64.4,69.9,7.16,0,Average
81.5,83.1,90.7,8.71,0,High
47.8,39.0,46.8,3.49,2,Low
83.1,69.8,78.6,7.58,0,High
85.0,71.4,83.7,8.08,0,High
89.9,82.9,94.8,8.7,0,High
45.4,45.9,53.5,3.3,2,Low
81.9,85.4,95.8,8.58,0,High
80.0,69.5,66.4,7.17,0,Average
75.5,71.5,80.7,7.8,0,High
68.7,56.7,61.4,6.09,0,Average
80.2,61.7,64.4,6.53,0,Average
70.8,88.5,68.0,7.51,0,High
82.7,93.7,72.3,8.08,0,High
92.4,94.4,100.0,9.4,0,High
65.8,69.1,74.9,6.84,0,Average
73.7,76.7,58.1,6.38,1,Average
82.2,79.9,82.4,7.63,0,High
91.9,71.8,84.2,7.94,0,High
68.1,57.8,66.6,6.28,0,Average
85.0,92.2,89.6,8.7,0,High
69.6,56.2,55.8,4.59,2,Low
68.2,76.2,67.9,7.02,0,Average
67.2,54.8,63.3,6.11,0,Average
66.7,75.4,67.1,6.97,0,Average
60.0,45.5,58.2,3.94,2,Low
69.1,68.4,75.3,7.04,0,Average
84.5,85.2,87.1,8.82,0,High
49.0,22.1,42.3,2.53,2,Low
88.6,75.5,79.5,8.13,0,High
62.0,57.2,53.9,4.96,2,Low
68.2,67.7,68.1,7.05,0,Average
60.9,58.2,54.5,4.52,3,Low
53.9,44.0,64.8,5.02,1,Low
90.4,54.0,73.7,6.22,1,Average
64.1,68.9,72.7,6.51,1,Average
84.3,82.7,84.3,8.61,0,High
61.5,44.9,59.2,4.6,1,Low
61.4,45.6,47.2,4.45,0,Low
90.5,87.4,80.9,8.57,0,High
55.0,45.1,58.1,3.28,4,Low
89.2,89.3,95.0,9.43,0,High
80.6,86.9,73.7,8.08,0,High
41.8,37.0,45.5,2.99,2,Low
79.2,58.5,68.2,5.99,1,Average
83.5,65.6,66.6,6.56,0,Average
66.9,67.9,58.8,5.95,1,Average
80.0,64.1,88.5,7.11,1,Average
71.3,38.4,56.9,5.09,0,Low
64.1,60.5,72.1,6.21,0,Average
61.6,58.0,58.0,5.73,0,Average
51.8,39.8,46.6,2.5,4,Low
66.5,71.9,64.8,7.1,0,Average
66.0,48.4,68.1,4.91,1,Low
85.5,87.7,79.9,8.67,0,High
57.2,64.6,70.4,6.49,0,Average
71.0,71.2,74.2,6.2,2,Low
54.7,54.0,53.9,4.84,1,Low
39.1,44.2,41.6,3.21,2,Low
69.0,49.7,53.8,4.35,3,Low
63.0,55.8,61.7,6.15,0,Average
76.2,77.6,74.1,7.11,0,Average
61.1,55.8,56.7,3.75,4,Low
78.6,69.5,74.3,7.1,0,Average
69.5,65.7,68.9,6.79,0,Average
75.6,60.9,69.9,5.97,1,Average
71.5,64.0,75.3,6.81,0,Average
74.8,57.1,53.6,6.17,0,Average
78.4,75.3,71.7,7.47,0,High
58.3,76.1,65.2,6.88,0,Average
74.2,80.3,79.7,8.02,0,High
81.5,87.2,82.1,8.42,0,High
73.1,56.6,70.4,6.34,0,Average
77.2,77.0,82.0,7.61,0,High
61.0,62.1,68.6,6.27,0,Average
43.5,32.1,30.0,2.5,2,Low
60.5,45.5,46.3,4.23,2,Low
77.8,70.8,80.5,7.59,0,High
68.6,50.9,44.8,4.85,1,Low
69.5,75.0,61.6,7.36,0,Average
97.4,71.6,74.1,7.77,0,High
81.6,74.5,85.8,7.77,0,High
93.3,82.3,90.8,8.87,0,High
59.0,46.3,54.4,3.51,3,Low
55.3,41.7,45.4,3.33,2,Low
75.2,55.1,61.4,5.32,2,Low
50.9,44.5,48.9,4.09,1,Low
52.6,49.1,49.0,3.53,3,Low
77.4,75.8,75.7,7.31,0,High
83.6,91.7,77.7,8.41,0,High
70.1,65.1,60.7,6.01,0,Average
48.6,34.8,50.3,3.24,2,Low
76.7,61.1,57.3,5.75,1,Average
85.0,59.3,78.1,6.92,0,Average
55.0,53.4,50.0,5.39,0,Average
81.2,88.1,84.8,8.64,0,High
57.2,45.2,52.1,3.52,3,Low
66.6,55.9,58.2,5.36,1,Low
92.9,70.9,88.9,7.99,0,High
63.9,67.6,69.9,6.89,0,Average
87.5,80.5,74.4,7.94,0,High
47.1,47.7,46.9,3.84,2,Low
87.1,75.8,76.4,7.93,0,High
77.4,100.0,82.6,9.06,0,High
71.1,56.8,68.4,6.03,0,Average
71.7,45.4,51.4,3.42,3,Low
86.9,83.4,71.6,8.25,0,High
48.5,38.6,41.8,3.2,2,Low
63.3,58.8,57.2,5.95,0,Average
66.9,64.5,44.7,6.02,0,Average
71.9,76.9,89.0,7.95,0,High
81.7,72.2,61.2,7.17,0,Average
66.9,51.1,70.9,5.22,2,Low
66.1,53.8,57.8,5.67,0,Average
77.6,51.9,70.2,6.09,0,Average
70.6,77.9,71.2,7.76,0,High
62.4,47.7,48.3,4.46,1,Low
74.4,69.8,80.4,7.29,0,Average
62.5,57.9,73.5,5.65,0,Average
68.2,63.8,68.5,6.64,0,Average
79.7,65.5,77.3,6.63,1,Average
74.2,61.9,63.2,6.47,0,Average
65.6,71.0,68.1,6.28,1,Average
78.0,94.7,82.1,8.75,0,High
55.7,43.0,52.4,2.89,3,Low
79.8,79.7,88.5,7.49,2,Low
73.5,65.4,68.0,6.87,0,Average
70.6,63.6,81.0,7.52,0,Average
80.4,69.8,65.6,7.4,0,Average
64.8,58.0,61.4,6.0,0,Average
73.7,66.7,81.5,7.18,0,Average
59.5,54.4,57.9,5.36,1,Low
70.2,67.0,62.8,6.81,0,Average
89.6,88.2,98.0,9.04,0,High
74.4,80.8,72.3,7.64,0,High
83.1,85.0,82.2,8.38,0,High
71.4,73.1,69.1,6.48,2,Low
77.5,86.4,77.2,8.33,0,High
82.7,48.5,63.1,5.47,1,Low
51.6,33.5,50.6,3.01,2,Low
77.4,86.8,92.6,8.4,0,High
41.7,33.5,55.5,2.99,2,Low
68.8,66.1,64.8,6.45,0,Average
97.7,78.1,83.3,9.02,0,High
74.6,70.3,73.6,6.7,1,Average
92.8,95.4,84.9,9.12,0,High
71.5,68.3,76.3,7.1,0,Average
70.6,53.2,76.7,5.68,1,Average
80.0,78.4,68.1,6.71,1,Average
78.3,80.0,83.4,8.15,0,High
73.0,68.7,74.9,7.22,0,Average
77.0,63.6,53.5,6.57,0,Average
94.0,88.7,88.7,8.87,0,High
76.9,91.3,87.1,8.7,0,High
74.5,73.4,65.2,6.17,2,Low
62.0,66.6,62.7,6.57,0,Average
47.8,35.6,45.4,2.5,3,Low
60.7,66.9,74.6,6.43,0,Average
87.8,84.9,77.9,8.16,0,High
73.5,71.5,83.6,7.49,0,Average
73.4,70.9,56.6,6.45,0,Average
72.8,71.5,88.8,7.75,0,High
90.9,92.6,80.9,8.73,0,High
87.4,78.2,77.1,8.25,0,High
70.3,76.2,79.8,7.68,0,High
73.1,78.1,72.0,7.55,0,High
65.7,55.4,59.6,6.22,0,Average
70.2,63.0,55.4,5.06,1,Low
75.0,68.6,65.9,7.1,0,Average
75.6,78.2,76.3,7.2,1,Average
57.5,55.9,56.2,5.68,0,Average
81.2,79.0,92.2,7.95,0,High
77.1,60.4,66.5,5.78,1,Average
75.9,76.1,71.1,7.79,0,High
68.9,63.5,60.3,6.0,0,Average
53.1,51.4,54.2,3.69,3,Low
67.2,55.2,58.1,5.07,1,Low
65.4,55.5,59.7,5.72,1,Low
46.1,40.8,39.1,2.5,3,Low
82.6,83.0,57.2,7.05,1,Average
80.9,64.7,76.9,7.02,0,Average
45.7,53.5,55.3,3.89,2,Low
68.2,79.8,69.1,6.67,1,Average
74.6,57.5,72.0,6.52,0,Average
80.3,61.1,61.8,6.74,0,Average
68.1,79.4,58.4,7.24,0,Average
77.8,73.6,75.7,7.18,0,Average
38.3,34.1,36.0,2.5,2,Low
62.8,58.9,54.0,5.69,0,Average
84.8,75.8,83.9,7.96,0,High
64.5,48.7,60.1,4.12,3,Low
54.0,35.1,50.9,2.68,3,Low
71.5,62.5,54.6,6.09,0,Average
69.3,66.9,62.4,6.62,0,Average
71.2,57.7,60.5,6.28,0,Average
45.4,47.4,39.6,4.54,1,Low
91.9,72.9,82.3,7.98,0,High
79.7,69.5,74.0,7.38,0,Average
99.2,78.4,77.9,8.61,0,High
61.4,79.3,55.8,6.47,1,Average
69.1,76.0,65.5,6.63,1,Average
79.0,89.4,89.4,8.84,0,High
81.1,72.5,76.1,7.61,0,High
94.0,77.8,83.9,7.95,1,Average
64.5,67.1,66.6,6.77,0,Average
66.7,53.9,54.2,4.66,2,Low
54.9,57.4,63.9,5.22,1,Low
92.5,86.5,86.1,8.83,0,High
87.7,91.2,86.5,8.53,1,Average
58.7,63.6,68.8,5.58,1,Average
67.5,60.3,64.5,6.71,0,Average
85.6,68.6,70.9,6.76,0,Average
75.6,56.3,55.1,6.09,0,Average
63.9,83.9,64.4,7.86,0,Average
83.3,76.2,83.0,8.35,0,High
87.1,77.7,74.5,7.82,0,High
78.2,71.2,66.0,6.68,0,Average
62.1,65.2,61.9,6.26,0,Average
89.0,83.1,89.1,8.55,0,High
51.2,40.3,52.1,4.32,1,Low
61.6,47.1,57.3,4.09,2,Low
80.0,83.2,90.8,8.4,0,High
71.9,93.8,84.5,8.31,0,High
68.0,68.0,61.9,6.82,0,Average
80.9,66.8,61.1,7.06,0,Average
68.0,58.6,76.6,6.35,0,Average
45.7,41.7,56.6,3.1,4,Low
56.4,42.6,57.4,4.01,2,Low
63.2,61.6,78.3,6.64,0,Average
55.8,56.6,54.0,4.38,3,Low
79.2,86.9,80.3,8.76,0,High
59.4,59.4,60.3,4.9,2,Low
87.4,86.0,87.1,8.64,0,High
55.5,60.6,60.0,3.41,4,Low
77.5,63.5,81.2,7.16,0,Average
63.3,58.6,74.6,6.64,0,Average
54.5,50.3,70.7,5.53,0,Average
71.8,68.8,72.1,5.87,2,Low
62.1,59.6,61.6,5.97,0,Average
56.7,49.3,45.7,4.0,2,Low
60.5,74.3,76.9,7.17,0,Average
86.0,67.4,81.4,7.61,0,High
94.2,86.6,95.6,8.83,0,High
59.0,60.6,58.0,4.79,2,Low
58.0,51.6,73.9,5.55,1,Average
66.8,62.3,54.7,5.92,0,Average
93.0,88.9,80.8,8.58,0,High
78.1,75.4,84.7,7.92,0,High
83.0,62.2,73.2,6.11,2,Low
85.1,84.9,97.4,8.52,0,High
77.3,79.7,79.2,7.74,0,High
77.2,69.0,66.3,7.02,0,Average
54.7,55.0,50.6,4.97,1,Low
64.5,69.5,100.0,8.22,0,High
61.8,41.9,58.4,4.51,1,Low
87.4,96.9,99.5,9.64,0,High
71.2,66.1,59.3,6.62,0,Average
86.0,76.2,79.0,7.89,0,High
67.8,73.4,65.0,5.57,1,Average
47.2,44.7,35.4,3.47,1,Low
86.7,75.5,81.6,8.26,0,High
60.8,65.0,68.2,5.73,2,Low
55.1,42.5,64.9,4.49,1,Low
54.7,51.8,56.1,5.34,0,Low
82.4,62.6,75.8,5.86,2,Low
81.4,49.5,48.4,4.13,2,Low
100.0,93.3,97.1,9.54,0,High
66.4,69.7,60.4,6.44,0,Average
59.8,45.0,49.6,3.72,2,Low
66.9,50.3,66.7,5.69,0,Average
81.1,77.4,71.1,7.52,0,Average
82.5,84.7,88.5,8.87,0,High
66.5,67.7,74.9,7.19,0,Average
81.7,79.1,82.0,7.95,0,High
68.1,55.9,66.4,4.51,3,Low
66.2,74.5,87.7,7.63,0,High
62.7,53.1,61.2,4.91,2,Low
72.9,70.5,70.9,6.65,1,Average
94.6,71.8,78.1,7.85,0,High
71.2,81.0,78.1,7.19,1,Average
51.5,43.8,52.1,3.18,4,Low
92.6,80.4,77.3,8.28,0,High
76.0,83.9,82.6,8.21,0,High
79.3,83.2,78.8,7.87,0,High
74.0,60.2,73.9,6.39,1,Average
74.3,69.2,78.6,6.89,1,Average
69.4,47.5,54.8,5.26,0,Low
68.4,69.9,73.2,6.96,0,Average
59.8,46.6,48.0,3.68,3,Low
63.2,39.4,47.9,3.96,1,Low
84.8,82.9,87.8,8.33,0,High
46.3,39.1,37.4,2.5,5,Low
65.0,61.2,64.4,6.13,0,Average
76.9,63.2,54.8,6.49,0,Average
76.9,61.2,66.5,6.61,0,Average
49.4,44.3,37.4,3.34,3,Low
91.4,91.7,73.2,8.48,1,Average
51.7,46.0,37.4,2.89,3,Low
84.0,75.7,93.9,8.9,0,High
79.2,67.3,58.8,6.45,0,Average
88.9,84.0,88.9,8.51,0,High
86.3,84.7,81.0,8.16,0,High
79.0,75.6,71.8,7.75,0,High
70.3,65.8,77.2,6.47,1,Average
35.5,45.4,63.2,4.34,1,Low
47.4,47.4,49.2,4.41,1,Low
76.3,70.2,79.5,7.59,0,High
80.6,88.7,86.9,8.7,0,High
84.2,82.4,87.2,8.46,0,High
66.6,48.8,47.9,3.83,2,Low
70.9,75.6,79.5,7.99,0,Average
70.0,60.8,73.6,6.36,0,Average
50.5,58.1,51.5,4.41,2,Low
50.6,58.1,67.9,6.02,0,Average
95.4,98.7,100.0,9.7,0,High
81.2,89.1,98.1,9.25,0,High
69.8,59.4,60.1,6.49,0,Average
55.3,50.5,41.2,4.42,1,Low
80.2,55.6,50.1,5.51,0,Average
82.5,72.9,75.6,7.97,0,Average
77.4,65.8,68.6,7.02,0,Average
78.5,69.8,80.2,7.46,0,High
93.5,63.8,81.0,7.63,0,High
57.3,69.2,70.5,6.83,0,Average
64.4,65.9,60.9,6.77,0,Average
89.4,92.3,88.5,8.98,0,High
52.3,62.6,64.1,6.12,0,Average
66.1,55.0,59.6,5.24,1,Low
63.3,52.1,57.4,5.14,1,Low
64.8,69.3,54.0,5.7,1,Average
90.8,72.2,73.0,7.15,0,Average
92.5,88.2,83.2,8.61,0,High
84.3,88.1,74.9,8.12,0,High
54.6,60.1,68.5,4.24,4,Low
74.7,77.2,88.6,8.27,0,High
72.8,70.1,80.0,7.58,0,Average
82.0,63.3,64.0,6.38,0,Average
85.6,90.7,93.2,8.8,0,High
89.1,73.2,79.4,7.94,0,High
87.6,85.5,85.4,8.54,0,High
98.5,92.7,87.1,9.43,0,High
65.6,60.6,61.5,6.09,0,Average
68.5,70.6,81.5,6.94,1,Average
69.0,50.8,62.1,5.58,1,Low
66.3,61.9,64.9,5.97,0,Average
89.4,90.8,83.9,8.93,0,High
77.0,67.1,65.1,6.7,0,Average
64.2,51.1,47.6,4.5,2,Low
88.1,80.0,80.0,8.11,0,High
65.3,73.5,75.1,7.01,0,Average
78.9,72.9,81.0,7.64,0,High
79.7,67.8,69.0,6.61,1,Average
69.0,68.6,85.4,7.84,0,High
53.1,40.4,55.5,3.96,1,Low
68.2,68.0,63.5,6.82,0,Average
96.0,87.1,84.5,9.06,0,High
39.5,41.6,48.8,3.88,1,Low
48.3,32.4,47.0,3.1,1,Low
74.9,64.6,64.5,5.81,2,Low
87.1,80.5,94.2,8.45,0,High
62.1,46.2,46.0,2.5,5,Low
90.2,86.8,86.7,9.18,0,High
71.2,58.2,62.4,6.33,0,Average
83.7,89.1,73.6,8.41,0,High
88.5,90.0,79.7,8.24,0,High
49.7,32.2,41.4,3.34,1,Low
95.2,92.0,97.0,9.35,0,High
46.0,36.8,45.1,2.6,3,Low
73.4,59.3,53.7,6.28,0,Average
83.4,82.7,73.9,8.04,0,High
78.4,80.0,81.6,7.78,0,High
